sense_start,sense_length,aso_aso_delta_g,aso_aso_delta_h,aso_aso_delta_s,aso_aso_structure_found,aso_aso_tm
0,20,-5422.603686770948,-45400.0,-128.8969734426215,True,1.9029639215362408
1,20,-5422.603686770948,-45400.0,-128.8969734426215,True,1.9029639215362408
