sense_start,sense_length,melting_temperature
0,20,56.79813001639582
1,20,54.38544958539302
